file,date,condition,condition_class,repetition,task,usable,metric,value,direction
speaker01_caterpillar,99999999,caterpillar,other,,reading,,duration_total_s,64.0385,neutral
speaker01_caterpillar,99999999,caterpillar,other,,reading,,duration_speech_s,61.498,neutral
speaker01_caterpillar,99999999,caterpillar,other,,reading,,articulation_time_s,51.9198,neutral
speaker01_caterpillar,99999999,caterpillar,other,,reading,,phonation_time_s,30.9439,neutral
speaker01_caterpillar,99999999,caterpillar,other,,reading,,intensity_active_mean_db,49.0807,neutral
speaker01_caterpillar,99999999,caterpillar,other,,reading,,intensity_active_std_db,7.37558,around
speaker01_caterpillar,99999999,caterpillar,other,,reading,,intensity_nucleus_std_db,4.40846,lower
speaker01_caterpillar,99999999,caterpillar,other,,reading,,intensity_range_db,49.6294,around
speaker01_caterpillar,99999999,caterpillar,other,,reading,,intensity_decay_db,-0.0811617,around
speaker01_caterpillar,99999999,caterpillar,other,,reading,,pitch_mean_hz,190.654,neutral
speaker01_caterpillar,99999999,caterpillar,other,,reading,,pitch_median_hz,185.955,neutral
speaker01_caterpillar,99999999,caterpillar,other,,reading,,pitch_std_hz,23.6655,around
speaker01_caterpillar,99999999,caterpillar,other,,reading,,pitch_min_hz,123.556,neutral
speaker01_caterpillar,99999999,caterpillar,other,,reading,,pitch_max_hz,266.696,neutral
speaker01_caterpillar,99999999,caterpillar,other,,reading,,pitch_range_hz,143.14,around
speaker01_caterpillar,99999999,caterpillar,other,,reading,,pitch_range_semitones,13.3204,around
speaker01_caterpillar,99999999,caterpillar,other,,reading,,pitch_cv,0.124128,around
speaker01_caterpillar,99999999,caterpillar,other,,reading,,voiced_percent,50.3168,higher
speaker01_caterpillar,99999999,caterpillar,other,,reading,,unvoiced_percent,49.6832,lower
speaker01_caterpillar,99999999,caterpillar,other,,reading,,cpps_db,11.2686,higher
speaker01_caterpillar,99999999,caterpillar,other,,reading,,cpp_db,8.0928,higher
speaker01_caterpillar,99999999,caterpillar,other,,reading,,hnr_db,14.36,higher
speaker01_caterpillar,99999999,caterpillar,other,,reading,,hnr_median_perinterval_db,9.56903,higher
speaker01_caterpillar,99999999,caterpillar,other,,reading,,nhr,0.0366438,lower
speaker01_caterpillar,99999999,caterpillar,other,,reading,,mean_autocorrelation,0.917273,higher
speaker01_caterpillar,99999999,caterpillar,other,,reading,,voice_breaks_count,47,lower
speaker01_caterpillar,99999999,caterpillar,other,,reading,,voice_breaks_degree_percent,9.6738,lower
speaker01_caterpillar,99999999,caterpillar,other,,reading,,jitter_local_percent,1.65757,lower
speaker01_caterpillar,99999999,caterpillar,other,,reading,,jitter_ppq5_percent,0.889515,lower
speaker01_caterpillar,99999999,caterpillar,other,,reading,,shimmer_local_db,0.728595,lower
speaker01_caterpillar,99999999,caterpillar,other,,reading,,shimmer_apq11_percent,6.46202,lower
speaker01_caterpillar,99999999,caterpillar,other,,reading,,num_pulses,6073,neutral
speaker01_caterpillar,99999999,caterpillar,other,,reading,,spectral_centroid_hz,2833.77,neutral
speaker01_caterpillar,99999999,caterpillar,other,,reading,,spectral_spread_hz,3338.56,neutral
speaker01_caterpillar,99999999,caterpillar,other,,reading,,spectral_skewness,2.67262,neutral
speaker01_caterpillar,99999999,caterpillar,other,,reading,,spectral_kurtosis,10.2845,neutral
speaker01_caterpillar,99999999,caterpillar,other,,reading,,spectral_tilt_db_per_khz,-6.10352,neutral
speaker01_caterpillar,99999999,caterpillar,other,,reading,,alpha_ratio_db,-19.5921,neutral
speaker01_caterpillar,99999999,caterpillar,other,,reading,,hammarberg_index,18.8923,neutral
speaker01_caterpillar,99999999,caterpillar,other,,reading,,f1_mean_hz,574.504,neutral
speaker01_caterpillar,99999999,caterpillar,other,,reading,,f1_std_hz,213.007,lower
speaker01_caterpillar,99999999,caterpillar,other,,reading,,f2_mean_hz,1669.2,neutral
speaker01_caterpillar,99999999,caterpillar,other,,reading,,f2_std_hz,442.609,lower
speaker01_caterpillar,99999999,caterpillar,other,,reading,,f3_mean_hz,2723.47,neutral
speaker01_caterpillar,99999999,caterpillar,other,,reading,,f3_std_hz,365.683,lower
speaker01_caterpillar,99999999,caterpillar,other,,reading,,voiced_fraction,0.503168,higher
speaker01_caterpillar,99999999,caterpillar,other,,reading,,f0_subharmonic_lock,0,lower
speaker01_caterpillar,99999999,caterpillar,other,,reading,,f0_lock_semitones,-0.00982665,lower
speaker01_caterpillar,99999999,caterpillar,other,,reading,,pause_count,24,lower
speaker01_caterpillar,99999999,caterpillar,other,,reading,,pauses_per_minute,23.4154,lower
speaker01_caterpillar,99999999,caterpillar,other,,reading,,pause_total_duration_s,9.57823,lower
speaker01_caterpillar,99999999,caterpillar,other,,reading,,pause_mean_duration_s,0.399093,lower
speaker01_caterpillar,99999999,caterpillar,other,,reading,,pause_ratio_to_speech,0.184481,lower
speaker01_caterpillar,99999999,caterpillar,other,,reading,,rec_quality_score,99.9986,higher
speaker01_caterpillar,99999999,caterpillar,other,,reading,,rec_snr_db,35.5306,higher
speaker01_caterpillar,99999999,caterpillar,other,,reading,,rec_clipping_fraction,7.08191e-07,lower
speaker01_caterpillar,99999999,caterpillar,other,,reading,,speech_rate_syll_per_s,4.22778,around
speaker01_caterpillar,99999999,caterpillar,other,,reading,,articulation_rate_syll_per_s,5.00772,around
speaker01_caterpillar,99999999,caterpillar,other,,reading,,syllable_count_used,260,neutral
speaker01_caterpillar,99999999,caterpillar,other,,reading,,speaking_time_fraction,0.844251,higher
speaker01_caterpillar,99999999,caterpillar,other,,reading,,filler_count,0,lower
speaker01_caterpillar,99999999,caterpillar,other,,reading,,fillers_per_minute,0,lower
speaker01_caterpillar,99999999,caterpillar,other,,reading,,filler_total_duration_s,0,lower
speaker01_caterpillar,99999999,caterpillar,other,,reading,,filler_ratio_to_speech,0,lower
speaker01_caterpillar,99999999,caterpillar,other,,reading,,ems_3_8hz_ratio,0.34354,higher
speaker01_caterpillar,99999999,caterpillar,other,,reading,,ems_peak_freq_hz,1.98374,around
speaker01_caterpillar,99999999,caterpillar,other,,reading,,ems_syllabic_to_slow_ratio,0.629912,higher
speaker01_caterpillar,99999999,caterpillar,other,,reading,,npvi,53.5321,around
speaker01_caterpillar,99999999,caterpillar,other,,reading,,vowel_space_area,549929,higher
speaker01_caterpillar,99999999,caterpillar,other,,reading,,vowel_dispersion_logarea,12.597,higher
speaker01_caterpillar,99999999,caterpillar,other,,reading,,vowel_cloud_spread_hz,306.788,higher
